{
  "Author": "Asgard, Minmoose and Contributors",
  "Name": "Brio-CrashTest-0.2.X",
  "InternalName": "Brio-CrashTest-0.2.X",
  "AssemblyVersion": "0.2.3.1",
  "Description": "Control actors during GPose sessions.",
  "ApplicableVersion": "any",
  "Tags": [
    "gpose",
    "brio",
    "posing",
    "animation"
  ],
  "DalamudApiLevel": 9,
  "LoadRequiredState": 0,
  "LoadSync": false,
  "CanUnloadAsync": false,
  "LoadPriority": 0,
  "IconUrl": "https://raw.githubusercontent.com/Etheirys/Brio/main/Resources/Images/BrioIcon.png",
  "Punchline": "Enhanced GPosing.",
  "AcceptsFeedback": true
}